{"cameraMode":{"drawMode":0,"name":"Shaded","section":"Shading Mode"},"sceneLighting":false,"audioPlay":false,"sceneViewState":{"m_AlwaysRefresh":false,"showFog":true,"showSkybox":false,"showFlares":true,"showImageEffects":true,"showParticleSystems":true,"showVisualEffectGraphs":true,"m_FxEnabled":true},"in2DMode":false,"pivot":{"x":479.4700012207031,"y":4.199999809265137,"z":20.09000015258789},"rotation":{"x":-0.023800352588295938,"y":-0.9767302870750427,"z":0.14339421689510346,"w":-0.16041339933872224},"size":1.7320507764816285,"orthographic":false}