{"cameraMode":{"drawMode":0,"name":"Shaded","section":"Shading Mode"},"sceneLighting":true,"audioPlay":false,"sceneViewState":{"m_AlwaysRefresh":false,"showFog":true,"showSkybox":true,"showFlares":true,"showImageEffects":true,"showParticleSystems":true,"showVisualEffectGraphs":true,"m_FxEnabled":true},"in2DMode":false,"pivot":{"x":0.26342514157295229,"y":6.0886311531066898,"z":44.27583694458008},"rotation":{"x":0.0068542612716555599,"y":-0.9930498600006104,"z":0.07225286960601807,"w":0.0972282811999321},"size":30.277456283569337,"orthographic":false}